character_name,character_description
Loaded Character 1,I'm a character loaded from Mephisto!
<<<<<<< HEAD
<<<<<<< HEAD
=======
>>>>>>> 22b9e26d801136df327fa04fe36c3bf7abc093a8
Loaded Character 1,I'm a character loaded from Mephisto!
Loaded Character 1,I'm a character loaded from Mephisto!
Loaded Character 1,I'm a character loaded from Mephisto!
Loaded Character 1,I'm a character loaded from Mephisto!
Loaded Character 1,I'm a character loaded from Mephisto!
Loaded Character 1,I'm a character loaded from Mephisto!
<<<<<<< HEAD
Loaded Character 1,I'm a character loaded from Mephisto!
=======
>>>>>>> jeremy.py
=======
Loaded Character 1,I'm a character loaded from Mephisto!
>>>>>>> 22b9e26d801136df327fa04fe36c3bf7abc093a8
